sample,population
HGDP00511,Homo_sapiens
HGDP00512,Homo_sapiens
HGDP00513,Homo_sapiens
HGDP00514,Homo_sapiens
HGDP00515,Homo_sapiens
HGDP00516,Homo_sapiens
HGDP00517,Homo_sapiens
HGDP00518,Homo_sapiens
HGDP00519,Homo_sapiens
HGDP00520,Homo_sapiens
HGDP00521,Homo_sapiens
HGDP00522,Homo_sapiens
HGDP00523,Homo_sapiens
HGDP00524,Homo_sapiens
HGDP00525,Homo_sapiens
HGDP00526,Homo_sapiens
HGDP00527,Homo_sapiens
HGDP00528,Homo_sapiens
HGDP00529,Homo_sapiens
HGDP00530,Homo_sapiens
HGDP00531,Homo_sapiens
HGDP00533,Homo_sapiens
HGDP00534,Homo_sapiens
HGDP00535,Homo_sapiens
HGDP00536,Homo_sapiens
HGDP00537,Homo_sapiens
HGDP00538,Homo_sapiens
HGDP00539,Homo_sapiens
SAMN01920504,Pan_paniscus
SAMN01920505,Pan_paniscus
SAMN01920506,Pan_paniscus
SAMN01920507,Pan_paniscus
SAMN01920508,Pan_paniscus
SAMN01920509,Pan_paniscus
SAMN01920510,Pan_paniscus
SAMN01920511,Pan_paniscus
SAMN01920512,Pan_paniscus
SAMN01920513,Pan_paniscus
SAMN01920514,Pan_paniscus
SAMN01920515,Pan_paniscus
SAMN01920516,Pan_paniscus
SAMN11123633,Pan_paniscus
SAMN13935689,Pan_paniscus
SAMN35877942,Pan_paniscus
SAMN35877943,Pan_paniscus
SAMN01920517,Pan_troglodytes_ellioti
SAMN01920518,Pan_troglodytes_ellioti
SAMN01920519,Pan_troglodytes_ellioti
SAMN01920520,Pan_troglodytes_ellioti
SAMN01920521,Pan_troglodytes_ellioti
SAMN01920522,Pan_troglodytes_ellioti
SAMN01920523,Pan_troglodytes_ellioti
SAMN01920524,Pan_troglodytes_ellioti
SAMN01920525,Pan_troglodytes_ellioti
SAMN01920526,Pan_troglodytes_ellioti
SAMEA4374787,Pan_troglodytes_schweinfurthii
SAMEA4374788,Pan_troglodytes_schweinfurthii
SAMEA4374789,Pan_troglodytes_schweinfurthii
SAMEA4374790,Pan_troglodytes_schweinfurthii
SAMEA4374792,Pan_troglodytes_schweinfurthii
SAMEA4374793,Pan_troglodytes_schweinfurthii
SAMEA4374794,Pan_troglodytes_schweinfurthii
SAMEA4374795,Pan_troglodytes_schweinfurthii
SAMEA4374796,Pan_troglodytes_schweinfurthii
SAMEA4374797,Pan_troglodytes_schweinfurthii
SAMEA4374798,Pan_troglodytes_schweinfurthii
SAMN01920527,Pan_troglodytes_schweinfurthii
SAMN01920528,Pan_troglodytes_schweinfurthii
SAMN01920529,Pan_troglodytes_schweinfurthii
SAMN01920530,Pan_troglodytes_schweinfurthii
SAMN01920531,Pan_troglodytes_schweinfurthii
SAMN01920532,Pan_troglodytes_schweinfurthii
SAMEA4374770,Pan_troglodytes_troglodytes
SAMEA4374771,Pan_troglodytes_troglodytes
SAMEA4374772,Pan_troglodytes_troglodytes
SAMEA4374773,Pan_troglodytes_troglodytes
SAMEA4374774,Pan_troglodytes_troglodytes
SAMEA4374775,Pan_troglodytes_troglodytes
SAMEA4374776,Pan_troglodytes_troglodytes
SAMEA4374777,Pan_troglodytes_troglodytes
SAMEA4374778,Pan_troglodytes_troglodytes
SAMEA4374779,Pan_troglodytes_troglodytes
SAMEA4374780,Pan_troglodytes_troglodytes
SAMEA4374781,Pan_troglodytes_troglodytes
SAMEA4374782,Pan_troglodytes_troglodytes
SAMEA4374785,Pan_troglodytes_troglodytes
SAMN01920533,Pan_troglodytes_troglodytes
SAMN01920534,Pan_troglodytes_troglodytes
SAMN01920535,Pan_troglodytes_troglodytes
SAMN01920536,Pan_troglodytes_troglodytes
SAMEA1713551,Pan_troglodytes_verus
SAMEA1713552,Pan_troglodytes_verus
SAMEA1713553,Pan_troglodytes_verus
SAMEA1713554,Pan_troglodytes_verus
SAMEA1713556,Pan_troglodytes_verus
SAMEA1713558,Pan_troglodytes_verus
SAMEA2421540,Pan_troglodytes_verus
SAMEA2421541,Pan_troglodytes_verus
SAMEA2421542,Pan_troglodytes_verus
SAMEA2421543,Pan_troglodytes_verus
SAMEA2421544,Pan_troglodytes_verus
SAMEA2421545,Pan_troglodytes_verus
SAMEA2421546,Pan_troglodytes_verus
SAMEA2421547,Pan_troglodytes_verus
SAMEA2421548,Pan_troglodytes_verus
SAMEA4374763,Pan_troglodytes_verus
SAMEA4374764,Pan_troglodytes_verus
SAMEA4374765,Pan_troglodytes_verus
SAMEA4374766,Pan_troglodytes_verus
SAMEA4374767,Pan_troglodytes_verus
SAMEA4374768,Pan_troglodytes_verus
SAMEA4374769,Pan_troglodytes_verus
SAMEA5204226,Pan_troglodytes_verus
SAMEA5204227,Pan_troglodytes_verus
SAMEA5204228,Pan_troglodytes_verus
SAMEA5204229,Pan_troglodytes_verus
SAMN01920537,Pan_troglodytes_verus
SAMN01920538,Pan_troglodytes_verus
SAMN01920539,Pan_troglodytes_verus
SAMN01920540,Pan_troglodytes_verus
SAMN01920541,Pan_troglodytes_verus
SAMN01920517,Pan_troglodytes
SAMN01920518,Pan_troglodytes
SAMN01920519,Pan_troglodytes
SAMN01920520,Pan_troglodytes
SAMN01920521,Pan_troglodytes
SAMN01920522,Pan_troglodytes
SAMN01920523,Pan_troglodytes
SAMN01920524,Pan_troglodytes
SAMN01920525,Pan_troglodytes
SAMN01920526,Pan_troglodytes
SAMEA4374787,Pan_troglodytes
SAMEA4374788,Pan_troglodytes
SAMEA4374789,Pan_troglodytes
SAMEA4374790,Pan_troglodytes
SAMEA4374792,Pan_troglodytes
SAMEA4374793,Pan_troglodytes
SAMEA4374794,Pan_troglodytes
SAMEA4374795,Pan_troglodytes
SAMEA4374796,Pan_troglodytes
SAMEA4374797,Pan_troglodytes
SAMEA4374798,Pan_troglodytes
SAMN01920527,Pan_troglodytes
SAMN01920528,Pan_troglodytes
SAMN01920529,Pan_troglodytes
SAMN01920530,Pan_troglodytes
SAMN01920531,Pan_troglodytes
SAMN01920532,Pan_troglodytes
SAMD00026329,Pan_troglodytes
SAMD00026330,Pan_troglodytes
SAMD00026331,Pan_troglodytes
PD_0257,Pan_troglodytes
PD_0258,Pan_troglodytes
PD_0259,Pan_troglodytes
PD_0427,Pan_troglodytes
SAMEA2058386,Pan_troglodytes
SAMEA2058387,Pan_troglodytes
SAMEA2058388,Pan_troglodytes
SAMEA2058389,Pan_troglodytes
SAMEA2058390,Pan_troglodytes
SAMEA2464840,Pan_troglodytes
SAMEA2464841,Pan_troglodytes
SAMEA2464842,Pan_troglodytes
SAMEA2464843,Pan_troglodytes
SAMEA2464844,Pan_troglodytes
SAMEA2464845,Pan_troglodytes
SAMEA2464846,Pan_troglodytes
SAMEA2464847,Pan_troglodytes
SAMEA4374799,Pan_troglodytes
SAMN12714418,Pan_troglodytes
SAMN12714419,Pan_troglodytes
SAMN15033210,Pan_troglodytes
SAMN15033211,Pan_troglodytes
SAMN15033212,Pan_troglodytes
SAMN15033213,Pan_troglodytes
SAMN15033214,Pan_troglodytes
SAMN15033215,Pan_troglodytes
SAMN15033216,Pan_troglodytes
SAMN15033217,Pan_troglodytes
SAMN15033218,Pan_troglodytes
SAMN15033219,Pan_troglodytes
SAMN15033220,Pan_troglodytes
SAMN15033221,Pan_troglodytes
SAMN15033222,Pan_troglodytes
SAMN15033223,Pan_troglodytes
SAMN15033224,Pan_troglodytes
SAMN15033225,Pan_troglodytes
SAMN15033226,Pan_troglodytes
SAMN15033227,Pan_troglodytes
SAMN15033228,Pan_troglodytes
SAMN15033229,Pan_troglodytes
SAMN15033230,Pan_troglodytes
SAMN15033231,Pan_troglodytes
SAMN15033232,Pan_troglodytes
SAMN15033233,Pan_troglodytes
SAMN15033234,Pan_troglodytes
SAMN15033235,Pan_troglodytes
SAMN15033236,Pan_troglodytes
SAMN15033237,Pan_troglodytes
SAMN15033238,Pan_troglodytes
SAMN15033239,Pan_troglodytes
SAMN15033240,Pan_troglodytes
SAMN15033241,Pan_troglodytes
SAMN15033242,Pan_troglodytes
SAMN15033243,Pan_troglodytes
SAMN15033244,Pan_troglodytes
SAMN15033245,Pan_troglodytes
SAMN15033246,Pan_troglodytes
SAMN15033247,Pan_troglodytes
SAMN15033248,Pan_troglodytes
SAMN30216104,Pan_troglodytes
SAMEA4374770,Pan_troglodytes
SAMEA4374771,Pan_troglodytes
SAMEA4374772,Pan_troglodytes
SAMEA4374773,Pan_troglodytes
SAMEA4374774,Pan_troglodytes
SAMEA4374775,Pan_troglodytes
SAMEA4374776,Pan_troglodytes
SAMEA4374777,Pan_troglodytes
SAMEA4374778,Pan_troglodytes
SAMEA4374779,Pan_troglodytes
SAMEA4374780,Pan_troglodytes
SAMEA4374781,Pan_troglodytes
SAMEA4374782,Pan_troglodytes
SAMEA4374785,Pan_troglodytes
SAMN01920533,Pan_troglodytes
SAMN01920534,Pan_troglodytes
SAMN01920535,Pan_troglodytes
SAMN01920536,Pan_troglodytes
SAMEA1713551,Pan_troglodytes
SAMEA1713552,Pan_troglodytes
SAMEA1713553,Pan_troglodytes
SAMEA1713554,Pan_troglodytes
SAMEA1713556,Pan_troglodytes
SAMEA1713558,Pan_troglodytes
SAMEA2421540,Pan_troglodytes
SAMEA2421541,Pan_troglodytes
SAMEA2421542,Pan_troglodytes
SAMEA2421543,Pan_troglodytes
SAMEA2421544,Pan_troglodytes
SAMEA2421545,Pan_troglodytes
SAMEA2421546,Pan_troglodytes
SAMEA2421547,Pan_troglodytes
SAMEA2421548,Pan_troglodytes
SAMEA4374763,Pan_troglodytes
SAMEA4374764,Pan_troglodytes
SAMEA4374765,Pan_troglodytes
SAMEA4374766,Pan_troglodytes
SAMEA4374767,Pan_troglodytes
SAMEA4374768,Pan_troglodytes
SAMEA4374769,Pan_troglodytes
SAMEA5204226,Pan_troglodytes
SAMEA5204227,Pan_troglodytes
SAMEA5204228,Pan_troglodytes
SAMEA5204229,Pan_troglodytes
SAMN01920537,Pan_troglodytes
SAMN01920538,Pan_troglodytes
SAMN01920539,Pan_troglodytes
SAMN01920540,Pan_troglodytes
SAMN01920541,Pan_troglodytes
SAMEA2446071,Gorilla_gorilla
SAMEA2446072,Gorilla_gorilla
SAMN01920476,Gorilla_gorilla
SAMEA5204233,Gorilla_gorilla
SAMEA5204234,Gorilla_gorilla
SAMEA5204235,Gorilla_gorilla
SAMEA5204236,Gorilla_gorilla
SAMEA5204237,Gorilla_gorilla
SAMEA5204238,Gorilla_gorilla
SAMEA868692,Gorilla_gorilla
SAMN01920477,Gorilla_gorilla
SAMN01920478,Gorilla_gorilla
SAMN01920479,Gorilla_gorilla
SAMN01920480,Gorilla_gorilla
SAMN01920481,Gorilla_gorilla
SAMN01920482,Gorilla_gorilla
SAMN01920483,Gorilla_gorilla
SAMN01920484,Gorilla_gorilla
SAMN01920485,Gorilla_gorilla
SAMN01920486,Gorilla_gorilla
SAMN01920487,Gorilla_gorilla
SAMN01920488,Gorilla_gorilla
SAMN01920489,Gorilla_gorilla
SAMN01920490,Gorilla_gorilla
SAMN01920491,Gorilla_gorilla
SAMN01920492,Gorilla_gorilla
SAMN01920493,Gorilla_gorilla
SAMN01920494,Gorilla_gorilla
SAMN01920495,Gorilla_gorilla
SAMN01920496,Gorilla_gorilla
SAMN01920497,Gorilla_gorilla
SAMN01920498,Gorilla_gorilla
SAMN01920499,Gorilla_gorilla
SAMN01920500,Gorilla_gorilla
SAMN01920501,Gorilla_gorilla
SAMN01920502,Gorilla_gorilla
SAMN01920503,Gorilla_gorilla
SAMN04003007,Gorilla_gorilla
SAMN12714420,Gorilla_gorilla
SAMN12714421,Gorilla_gorilla
SAMN35877944,Gorilla_gorilla
SAMN35877945,Gorilla_gorilla
PD_0180,Gorilla_gorilla
PD_0181,Gorilla_gorilla
PD_0182,Gorilla_gorilla
PD_0183,Gorilla_gorilla
PD_0184,Gorilla_gorilla
PD_0185,Gorilla_gorilla
PD_0186,Gorilla_gorilla
PD_0187,Gorilla_gorilla
PD_0188,Gorilla_gorilla
PD_0189,Gorilla_gorilla
PD_0190,Gorilla_gorilla
PD_0191,Gorilla_gorilla
PD_0192,Gorilla_gorilla
PD_0193,Gorilla_gorilla
PD_0194,Gorilla_gorilla
PD_0195,Gorilla_gorilla
PD_0196,Gorilla_gorilla
PD_0197,Gorilla_gorilla
PD_0198,Gorilla_gorilla
PD_0260,Gorilla_gorilla
PD_0264,Gorilla_gorilla
SAMEA2697037,Gorilla_beringei
SAMEA2697038,Gorilla_beringei
SAMEA2697039,Gorilla_beringei
SAMEA2697040,Gorilla_beringei
SAMEA2697041,Gorilla_beringei
SAMEA2697042,Gorilla_beringei
SAMN01920473,Gorilla_beringei
SAMN01920474,Gorilla_beringei
SAMN01920475,Gorilla_beringei
PD_0179,Gorilla_beringei
SAMEA1692350,Gorilla_beringei
SAMEA1692351,Gorilla_beringei
SAMEA1692352,Gorilla_beringei
SAMEA1692353,Gorilla_beringei
SAMEA1692354,Gorilla_beringei
SAMEA1692355,Gorilla_beringei
SAMEA3939556,Gorilla_beringei
SAMEA3939557,Gorilla_beringei
SAMEA3939558,Gorilla_beringei
SAMEA3939560,Gorilla_beringei
SAMEA3939561,Gorilla_beringei
SAMEA3991715,Gorilla_beringei
SAMEA2697037,Gorilla_beringei_beringei
SAMEA2697038,Gorilla_beringei_beringei
SAMEA2697039,Gorilla_beringei_beringei
SAMEA3939556,Gorilla_beringei_beringei
SAMEA3939557,Gorilla_beringei_beringei
SAMEA3939558,Gorilla_beringei_beringei
SAMEA3939560,Gorilla_beringei_beringei
SAMEA3939561,Gorilla_beringei_beringei
SAMEA3991715,Gorilla_beringei_beringei
SAMEA2697040,Gorilla_beringei_graueri
SAMEA2697041,Gorilla_beringei_graueri
SAMEA2697042,Gorilla_beringei_graueri
SAMN01920473,Gorilla_beringei_graueri
SAMN01920474,Gorilla_beringei_graueri
SAMN01920475,Gorilla_beringei_graueri
SAMEA5204233,Gorilla_gorilla_gorilla
SAMEA5204234,Gorilla_gorilla_gorilla
SAMEA5204235,Gorilla_gorilla_gorilla
SAMEA5204236,Gorilla_gorilla_gorilla
SAMEA5204237,Gorilla_gorilla_gorilla
SAMEA5204238,Gorilla_gorilla_gorilla
SAMEA868692,Gorilla_gorilla_gorilla
SAMN01920477,Gorilla_gorilla_gorilla
SAMN01920478,Gorilla_gorilla_gorilla
SAMN01920479,Gorilla_gorilla_gorilla
SAMN01920480,Gorilla_gorilla_gorilla
SAMN01920481,Gorilla_gorilla_gorilla
SAMN01920482,Gorilla_gorilla_gorilla
SAMN01920483,Gorilla_gorilla_gorilla
SAMN01920484,Gorilla_gorilla_gorilla
SAMN01920485,Gorilla_gorilla_gorilla
SAMN01920486,Gorilla_gorilla_gorilla
SAMN01920487,Gorilla_gorilla_gorilla
SAMN01920488,Gorilla_gorilla_gorilla
SAMN01920489,Gorilla_gorilla_gorilla
SAMN01920490,Gorilla_gorilla_gorilla
SAMN01920491,Gorilla_gorilla_gorilla
SAMN01920492,Gorilla_gorilla_gorilla
SAMN01920493,Gorilla_gorilla_gorilla
SAMN01920494,Gorilla_gorilla_gorilla
SAMN01920495,Gorilla_gorilla_gorilla
SAMN01920496,Gorilla_gorilla_gorilla
SAMN01920497,Gorilla_gorilla_gorilla
SAMN01920498,Gorilla_gorilla_gorilla
SAMN01920499,Gorilla_gorilla_gorilla
SAMN01920500,Gorilla_gorilla_gorilla
SAMN01920501,Gorilla_gorilla_gorilla
SAMN01920502,Gorilla_gorilla_gorilla
SAMN01920503,Gorilla_gorilla_gorilla
SAMN04003007,Gorilla_gorilla_gorilla
SAMN12714420,Gorilla_gorilla_gorilla
SAMN12714421,Gorilla_gorilla_gorilla
SAMN35877944,Gorilla_gorilla_gorilla
SAMN35877945,Gorilla_gorilla_gorilla
SAMN01920476,Gorilla_gorilla_diehli
SAMN01920542,Pongo_abelii
SAMN01920543,Pongo_abelii
SAMN01920544,Pongo_abelii
SAMN01920545,Pongo_abelii
SAMN01920546,Pongo_abelii
SAMN06275555,Pongo_abelii
SAMN10521808,Pongo_abelii
SAMN13178754,Pongo_abelii
SAMEA104361533,Pongo_pygmaeus
SAMEA104361534,Pongo_pygmaeus
SAMEA104361535,Pongo_pygmaeus
SAMEA104361536,Pongo_pygmaeus
SAMEA104361537,Pongo_pygmaeus
SAMEA104361538,Pongo_pygmaeus
SAMEA104361539,Pongo_pygmaeus
SAMEA104361540,Pongo_pygmaeus
SAMEA104361541,Pongo_pygmaeus
SAMEA104361542,Pongo_pygmaeus
PD_0262,Pongo_pygmaeus
SAMN00007164,Pongo_pygmaeus
SAMN01920547,Pongo_pygmaeus
SAMN01920548,Pongo_pygmaeus
SAMN01920549,Pongo_pygmaeus
SAMN01920550,Pongo_pygmaeus
SAMN01920551,Pongo_pygmaeus
SAMN10521809,Pongo_pygmaeus
SAMN12714422,Pongo_pygmaeus
SAMN12714423,Pongo_pygmaeus
SAMD00215312,Macaca_cyclopis
SAMN12512033,Macaca_cyclopis
SAMN15061836,Macaca_cyclopis
SAMN19736174,Macaca_cyclopis
SAMD00215311,Macaca_fuscata_fuscata
SAMD00215311,Macaca_fuscata
SAMD00589946,Macaca_fuscata
SAMD00589947,Macaca_fuscata
SAMD00589948,Macaca_fuscata
SAMD00589949,Macaca_fuscata
SAMD00589950,Macaca_fuscata
SAMD00589951,Macaca_fuscata
SAMD00589952,Macaca_fuscata
SAMD00589953,Macaca_fuscata
SAMD00589954,Macaca_fuscata
SAMD00589955,Macaca_fuscata
SAMD00589956,Macaca_fuscata
SAMD00589957,Macaca_fuscata
SAMD00589958,Macaca_fuscata
SAMD00589959,Macaca_fuscata
SAMD00589960,Macaca_fuscata
SAMD00589961,Macaca_fuscata
SAMD00589962,Macaca_fuscata
SAMD00589963,Macaca_fuscata
SAMD00589964,Macaca_fuscata
SAMD00589965,Macaca_fuscata
SAMD00589966,Macaca_fuscata
SAMD00589967,Macaca_fuscata
SAMD00589968,Macaca_fuscata
SAMD00589969,Macaca_fuscata
SAMD00589970,Macaca_fuscata
SAMD00589971,Macaca_fuscata
SAMD00589972,Macaca_fuscata
SAMD00589973,Macaca_fuscata
SAMD00589974,Macaca_fuscata
SAMD00589975,Macaca_fuscata
SAMD00589976,Macaca_fuscata
SAMD00589977,Macaca_fuscata
SAMD00589978,Macaca_fuscata
SAMD00589979,Macaca_fuscata
SAMD00589980,Macaca_fuscata
SAMD00589981,Macaca_fuscata
SAMD00589982,Macaca_fuscata
SAMD00589983,Macaca_fuscata
SAMD00589984,Macaca_fuscata
SAMD00589985,Macaca_fuscata
SAMD00589986,Macaca_fuscata
SAMD00589987,Macaca_fuscata
SAMD00589988,Macaca_fuscata
SAMD00589989,Macaca_fuscata
SAMD00589990,Macaca_fuscata
SAMD00589991,Macaca_fuscata
SAMD00589992,Macaca_fuscata
SAMD00589993,Macaca_fuscata
SAMD00589994,Macaca_fuscata
SAMD00589995,Macaca_fuscata
SAMD00589996,Macaca_fuscata
SAMD00589997,Macaca_fuscata
SAMD00589998,Macaca_fuscata
SAMD00589999,Macaca_fuscata
SAMD00590000,Macaca_fuscata
SAMD00590001,Macaca_fuscata
SAMD00590002,Macaca_fuscata
SAMD00590003,Macaca_fuscata
SAMD00590004,Macaca_fuscata
SAMD00590005,Macaca_fuscata
SAMD00590006,Macaca_fuscata
SAMD00590007,Macaca_fuscata
SAMD00590008,Macaca_fuscata
SAMD00590009,Macaca_fuscata
SAMN15061837,Macaca_fuscata
SAMN19736175,Macaca_fuscata
PD_0261,Macaca_mulatta
PD_0546,Macaca_mulatta
PD_0547,Macaca_mulatta
PD_0548,Macaca_mulatta
PD_0549,Macaca_mulatta
PD_0550,Macaca_mulatta
PD_0551,Macaca_mulatta
SAMEA2058376,Macaca_mulatta
SAMEA2058377,Macaca_mulatta
SAMEA2058378,Macaca_mulatta
SAMEA2058379,Macaca_mulatta
SAMEA2058380,Macaca_mulatta
SAMN02671004,Macaca_mulatta
SAMN03200170,Macaca_mulatta
SAMN03200171,Macaca_mulatta
SAMN03200172,Macaca_mulatta
SAMN03200173,Macaca_mulatta
SAMN03200174,Macaca_mulatta
SAMN03200175,Macaca_mulatta
SAMN03200176,Macaca_mulatta
SAMN03200177,Macaca_mulatta
SAMN03200178,Macaca_mulatta
SAMN03200179,Macaca_mulatta
SAMN03200180,Macaca_mulatta
SAMN03200181,Macaca_mulatta
SAMN03200182,Macaca_mulatta
SAMN03200183,Macaca_mulatta
SAMN03200184,Macaca_mulatta
SAMN03200185,Macaca_mulatta
SAMN03200186,Macaca_mulatta
SAMN03200187,Macaca_mulatta
SAMN03200188,Macaca_mulatta
SAMN03200189,Macaca_mulatta
SAMN03200191,Macaca_mulatta
SAMN03200192,Macaca_mulatta
SAMN05607908,Macaca_mulatta
SAMN05607911,Macaca_mulatta
SAMN05607914,Macaca_mulatta
SAMN05607915,Macaca_mulatta
SAMN05607916,Macaca_mulatta
SAMN05607917,Macaca_mulatta
SAMN05607918,Macaca_mulatta
SAMN05607921,Macaca_mulatta
SAMN05607923,Macaca_mulatta
SAMN05660059,Macaca_mulatta
SAMN05660060,Macaca_mulatta
SAMN05660061,Macaca_mulatta
SAMN05660062,Macaca_mulatta
SAMN05660063,Macaca_mulatta
SAMN05660064,Macaca_mulatta
SAMN05660065,Macaca_mulatta
SAMN05660066,Macaca_mulatta
SAMN05660067,Macaca_mulatta
SAMN05660068,Macaca_mulatta
SAMN05660069,Macaca_mulatta
SAMN05660070,Macaca_mulatta
SAMN05883679,Macaca_mulatta
SAMN05883682,Macaca_mulatta
SAMN05883688,Macaca_mulatta
SAMN05883689,Macaca_mulatta
SAMN05883690,Macaca_mulatta
SAMN05883691,Macaca_mulatta
SAMN05883692,Macaca_mulatta
SAMN05883693,Macaca_mulatta
SAMN05883695,Macaca_mulatta
SAMN05883696,Macaca_mulatta
SAMN05883697,Macaca_mulatta
SAMN05883701,Macaca_mulatta
SAMN05883702,Macaca_mulatta
SAMN05883703,Macaca_mulatta
SAMN05883704,Macaca_mulatta
SAMN05883705,Macaca_mulatta
SAMN05883706,Macaca_mulatta
SAMN05883709,Macaca_mulatta
SAMN05883711,Macaca_mulatta
SAMN05883713,Macaca_mulatta
SAMN05883716,Macaca_mulatta
SAMN05883717,Macaca_mulatta
SAMN05883718,Macaca_mulatta
SAMN05883719,Macaca_mulatta
SAMN05883720,Macaca_mulatta
SAMN05883721,Macaca_mulatta
SAMN05883726,Macaca_mulatta
SAMN05883727,Macaca_mulatta
SAMN05883728,Macaca_mulatta
SAMN05883729,Macaca_mulatta
SAMN05883730,Macaca_mulatta
SAMN05883731,Macaca_mulatta
SAMN05883732,Macaca_mulatta
SAMN05883733,Macaca_mulatta
SAMN05883734,Macaca_mulatta
SAMN05883735,Macaca_mulatta
SAMN05883736,Macaca_mulatta
SAMN05883740,Macaca_mulatta
SAMN05883741,Macaca_mulatta
SAMN05883744,Macaca_mulatta
SAMN05883746,Macaca_mulatta
SAMN05883747,Macaca_mulatta
SAMN06016319,Macaca_mulatta
SAMN30881664,Macaca_mulatta
SAMN35364812,Macaca_mulatta
SAMN35364815,Macaca_mulatta
SAMN35364818,Macaca_mulatta
SAMN35364830,Macaca_mulatta
SAMN36494034,Macaca_mulatta
SAMN38317304,Macaca_mulatta
SAMN38317305,Macaca_mulatta
SAMN38317306,Macaca_mulatta
SAMN38317307,Macaca_mulatta
SAMN38317308,Macaca_mulatta
SAMN38317420,Macaca_mulatta
SAMN38317421,Macaca_mulatta
SAMN38317422,Macaca_mulatta
SAMN38317423,Macaca_mulatta
SAMN38317424,Macaca_mulatta
SAMN38317425,Macaca_mulatta
SAMN38317426,Macaca_mulatta
SAMN38317427,Macaca_mulatta
SAMN38317428,Macaca_mulatta
SAMN38317429,Macaca_mulatta
SAMN38317430,Macaca_mulatta
SAMN38317431,Macaca_mulatta
SAMN38317432,Macaca_mulatta
SAMN38317433,Macaca_mulatta
SAMN38317434,Macaca_mulatta
SAMN38317435,Macaca_mulatta
SAMN38317436,Macaca_mulatta
SAMN38317437,Macaca_mulatta
SAMN38317438,Macaca_mulatta
SAMN38317439,Macaca_mulatta
SAMN38317440,Macaca_mulatta
SAMN38317441,Macaca_mulatta
SAMN38317442,Macaca_mulatta
SAMN38317443,Macaca_mulatta
SAMN38317444,Macaca_mulatta
SAMN38317445,Macaca_mulatta
SAMN38317446,Macaca_mulatta
SAMN38317447,Macaca_mulatta
SAMN38317448,Macaca_mulatta
SAMN38317449,Macaca_mulatta
SAMN41979541,Macaca_mulatta
SAMN41979544,Macaca_mulatta
SAMN41979545,Macaca_mulatta
SAMN41979551,Macaca_mulatta
SAMN41979552,Macaca_mulatta
SAMN41979554,Macaca_mulatta
SAMN41979570,Macaca_mulatta
SAMN41979574,Macaca_mulatta
SAMN41979591,Macaca_mulatta
SAMN41979597,Macaca_mulatta
SAMN41979604,Macaca_mulatta
SAMN41979605,Macaca_mulatta
SAMN41979609,Macaca_mulatta
SAMN41979616,Macaca_mulatta
SAMN41979627,Macaca_mulatta
SAMN41979634,Macaca_mulatta
SAMN41979635,Macaca_mulatta
SAMN41979649,Macaca_mulatta
SAMN41979651,Macaca_mulatta
SAMN41979661,Macaca_mulatta
SAMN41979672,Macaca_mulatta
SAMN41979681,Macaca_mulatta
SAMN41979682,Macaca_mulatta
SAMN41979685,Macaca_mulatta
SAMN41979691,Macaca_mulatta
SAMN41979696,Macaca_mulatta
SAMN41979710,Macaca_mulatta
SAMN42715008,Macaca_mulatta
SAMN15061835,Macaca_sylvanus
SAMN19736189,Macaca_sylvanus
SAMN07508135,Macaca_brunnescens
SAMN07508136,Macaca_hecki
SAMN07508137,Macaca_hecki
SAMN07508138,Macaca_hecki
SAMN18570967,Macaca_hecki
SAMN18570968,Macaca_hecki
PD_0097,Macaca_leonina
PD_0540,Macaca_leonina
PD_0541,Macaca_leonina
PD_0542,Macaca_leonina
PD_0543,Macaca_leonina
PD_0544,Macaca_leonina
PD_0545,Macaca_leonina
PD_0070,Macaca_maura
SAMN07508142,Macaca_maura
SAMN07508143,Macaca_maura
SAMN07508144,Macaca_maura
SAMN07508145,Macaca_maura
SAMN07508146,Macaca_maura
SAMN19736186,Macaca_maura
SAMN07503410,Macaca_nemestrina_nemestrina
SAMN07508148,Macaca_nemestrina_nemestrina
SAMN07508151,Macaca_nemestrina_nemestrina
SAMN07508153,Macaca_nemestrina_nemestrina
SAMN07508154,Macaca_nemestrina_nemestrina
SAMN07503410,Macaca_nemestrina
SAMN07508148,Macaca_nemestrina
SAMN07508151,Macaca_nemestrina
SAMN07508153,Macaca_nemestrina
SAMN07508154,Macaca_nemestrina
SAMN02922335,Macaca_nemestrina
SAMN02922336,Macaca_nemestrina
SAMN02922337,Macaca_nemestrina
SAMN02922338,Macaca_nemestrina
SAMN02922339,Macaca_nemestrina
SAMN02922340,Macaca_nemestrina
SAMN03121842,Macaca_nemestrina
SAMN10499710,Macaca_nemestrina
SAMN10499711,Macaca_nemestrina
SAMN10499712,Macaca_nemestrina
SAMN10499713,Macaca_nemestrina
SAMN10499714,Macaca_nemestrina
SAMN10499715,Macaca_nemestrina
SAMN10499716,Macaca_nemestrina
SAMN10499717,Macaca_nemestrina
SAMN10499718,Macaca_nemestrina
SAMN10499719,Macaca_nemestrina
SAMN10499720,Macaca_nemestrina
SAMN10499721,Macaca_nemestrina
SAMN18570964,Macaca_nemestrina
SAMN19736185,Macaca_nemestrina
SAMN07503430,Macaca_nigra
SAMN07508155,Macaca_nigra
SAMN07508156,Macaca_nigra
SAMN19736188,Macaca_nigra
SAMN07508157,Macaca_nigrescens
SAMN18570966,Macaca_nigrescens
PD_0552,Macaca_radiata
PD_0553,Macaca_radiata
PD_0554,Macaca_radiata
PD_0555,Macaca_radiata
PD_0556,Macaca_radiata
PD_0557,Macaca_radiata
PD_0558,Macaca_radiata
PD_0559,Macaca_radiata
PD_0560,Macaca_radiata
PD_0561,Macaca_radiata
PD_0562,Macaca_radiata
PD_0563,Macaca_radiata
PD_0564,Macaca_radiata
PD_0044,Macaca_siberu
PD_0565,Macaca_silenus
PD_0566,Macaca_silenus
PD_0567,Macaca_silenus
PD_0568,Macaca_silenus
PD_0569,Macaca_silenus
PD_0570,Macaca_silenus
PD_0571,Macaca_silenus
PD_0572,Macaca_silenus
PD_0573,Macaca_silenus
PD_0574,Macaca_silenus
PD_0575,Macaca_silenus
PD_0576,Macaca_silenus
PD_0577,Macaca_silenus
SAMN15061838,Macaca_silenus
SAMN19736184,Macaca_silenus
SAMN23530512,Macaca_silenus
SAMN24909951,Macaca_silenus
SAMN07503429,Macaca_tonkeana
SAMN07508162,Macaca_tonkeana
SAMN18571119,Macaca_tonkeana
SAMN18571130,Macaca_tonkeana
SAMN18571131,Macaca_tonkeana
SAMN18571132,Macaca_tonkeana
SAMN18571133,Macaca_tonkeana
SAMN19736187,Macaca_tonkeana
PD_0071,Macaca_arctoides
PD_0533,Macaca_arctoides
PD_0534,Macaca_arctoides
PD_0535,Macaca_arctoides
SAMN04316319,Macaca_arctoides
SAMN04316320,Macaca_arctoides
SAMN14521207,Macaca_arctoides
SAMN15194901,Macaca_arctoides
SAMN15194902,Macaca_arctoides
SAMN19736176,Macaca_arctoides
PD_0526,Macaca_assamensis
SAMN04316321,Macaca_assamensis
SAMN14521608,Macaca_assamensis
SAMN19736177,Macaca_assamensis
SAMN23530511,Macaca_assamensis
SAMN19736178,Macaca_leucogenys
SAMN19736179,Macaca_leucogenys
SAMN19736180,Macaca_leucogenys
SAMN19736181,Macaca_leucogenys
SAMN19736182,Macaca_sinica
SAMN02390221,Macaca_thibetana
SAMN15194903,Macaca_thibetana
SAMN15194904,Macaca_thibetana
SAMEA112482952,Papio_anubis
SAMEA112482953,Papio_anubis
SAMEA112482954,Papio_anubis
SAMEA112482955,Papio_anubis
SAMEA112482956,Papio_anubis
SAMEA112482957,Papio_anubis
SAMEA112482958,Papio_anubis
SAMEA112482959,Papio_anubis
SAMEA112482960,Papio_anubis
SAMEA112482961,Papio_anubis
SAMEA112482962,Papio_anubis
SAMEA112482963,Papio_anubis
SAMEA112482964,Papio_anubis
SAMEA112482965,Papio_anubis
SAMEA112482971,Papio_anubis
SAMEA112482972,Papio_anubis
SAMEA112482973,Papio_anubis
SAMEA112482974,Papio_anubis
SAMEA112482975,Papio_anubis
SAMEA112482991,Papio_anubis
SAMEA112482992,Papio_anubis
SAMEA112482993,Papio_anubis
SAMEA112482994,Papio_anubis
SAMEA112482995,Papio_anubis
SAMEA112482996,Papio_anubis
SAMEA112482997,Papio_anubis
SAMEA112483018,Papio_anubis
SAMEA112483019,Papio_anubis
SAMEA112483020,Papio_anubis
SAMEA112483187,Papio_anubis
SAMEA112483188,Papio_anubis
SAMEA112483189,Papio_anubis
SAMEA112483190,Papio_anubis
SAMEA112483191,Papio_anubis
SAMEA112483192,Papio_anubis
SAMEA112483193,Papio_anubis
SAMEA112483194,Papio_anubis
SAMEA112483195,Papio_anubis
SAMEA112483196,Papio_anubis
SAMEA112483197,Papio_anubis
SAMEA112483198,Papio_anubis
SAMEA112483199,Papio_anubis
SAMEA112483200,Papio_anubis
SAMEA112483201,Papio_anubis
SAMEA112483202,Papio_anubis
SAMEA112483203,Papio_anubis
SAMEA112483204,Papio_anubis
SAMEA112483205,Papio_anubis
SAMEA112483206,Papio_anubis
SAMEA112483207,Papio_anubis
SAMEA112483208,Papio_anubis
SAMEA112483209,Papio_anubis
SAMEA112483210,Papio_anubis
SAMEA112483211,Papio_anubis
SAMEA115083507,Papio_anubis
SAMEA115083508,Papio_anubis
SAMEA115083509,Papio_anubis
SAMEA115083510,Papio_anubis
SAMEA115083511,Papio_anubis
SAMEA115083512,Papio_anubis
SAMEA115083513,Papio_anubis
SAMEA115083514,Papio_anubis
SAMEA115083515,Papio_anubis
SAMEA115083516,Papio_anubis
SAMEA115083517,Papio_anubis
SAMEA115083519,Papio_anubis
SAMEA115083520,Papio_anubis
SAMEA115083521,Papio_anubis
SAMEA115083522,Papio_anubis
SAMEA115083523,Papio_anubis
SAMEA115083524,Papio_anubis
SAMEA115083526,Papio_anubis
SAMEA115083527,Papio_anubis
SAMEA115083528,Papio_anubis
SAMEA115083529,Papio_anubis
SAMEA115083530,Papio_anubis
SAMEA115083531,Papio_anubis
SAMEA115083532,Papio_anubis
SAMEA115083533,Papio_anubis
SAMEA115083537,Papio_anubis
SAMEA115083538,Papio_anubis
SAMEA115083539,Papio_anubis
SAMEA115083540,Papio_anubis
SAMEA115083541,Papio_anubis
SAMEA115083542,Papio_anubis
SAMEA115083543,Papio_anubis
SAMEA115083544,Papio_anubis
SAMEA115083545,Papio_anubis
SAMEA115083546,Papio_anubis
SAMEA115083547,Papio_anubis
SAMEA115083548,Papio_anubis
SAMEA115083549,Papio_anubis
SAMN02199293,Papio_anubis
SAMN02866410,Papio_anubis
SAMN02866411,Papio_anubis
SAMN03073707,Papio_anubis
SAMN03073708,Papio_anubis
SAMN43494759,Papio_anubis
SAMN43494760,Papio_anubis
SAMN43494761,Papio_anubis
SAMN43494762,Papio_anubis
SAMN43494763,Papio_anubis
SAMN43494764,Papio_anubis
SAMN43494765,Papio_anubis
SAMN43494766,Papio_anubis
SAMN43494767,Papio_anubis
SAMN20814945,Papio_cynocephalus_anubishybrid
SAMN20814949,Papio_cynocephalus_anubishybrid
SAMN20815227,Papio_cynocephalus_anubishybrid
SAMN20815322,Papio_cynocephalus_anubishybrid
SAMN20815323,Papio_cynocephalus_anubishybrid
SAMN20815324,Papio_cynocephalus_anubishybrid
SAMN20815325,Papio_cynocephalus_anubishybrid
SAMEA112482966,Papio_cynocephalus_ssp
SAMEA112482967,Papio_cynocephalus_ssp
SAMEA112482968,Papio_cynocephalus_ssp
SAMEA112482969,Papio_cynocephalus_ssp
SAMEA112482970,Papio_cynocephalus_ssp
SAMEA112482976,Papio_cynocephalus_ssp
SAMEA112482977,Papio_cynocephalus_ssp
SAMEA112482978,Papio_cynocephalus_ssp
SAMEA112482979,Papio_cynocephalus_ssp
SAMEA112482980,Papio_cynocephalus_ssp
SAMEA112482981,Papio_cynocephalus_ssp
SAMEA112482982,Papio_cynocephalus_ssp
SAMEA112482983,Papio_cynocephalus_ssp
SAMEA112482984,Papio_cynocephalus_ssp
SAMEA112482985,Papio_cynocephalus_ssp
SAMEA112482986,Papio_cynocephalus_ssp
SAMEA112482987,Papio_cynocephalus_ssp
SAMEA112482988,Papio_cynocephalus_ssp
SAMEA112482989,Papio_cynocephalus_ssp
SAMEA112482990,Papio_cynocephalus_ssp
SAMEA112483021,Papio_cynocephalus_ssp
SAMEA112483022,Papio_cynocephalus_ssp
SAMEA112483023,Papio_cynocephalus_ssp
SAMEA112483024,Papio_cynocephalus_ssp
SAMEA112483025,Papio_cynocephalus_ssp
SAMEA112483212,Papio_cynocephalus_ssp
SAMEA112483213,Papio_cynocephalus_ssp
SAMEA112483214,Papio_cynocephalus_ssp
SAMEA112483215,Papio_cynocephalus_ssp
SAMEA112483219,Papio_cynocephalus_ssp
SAMEA112483220,Papio_cynocephalus_ssp
SAMEA112483221,Papio_cynocephalus_ssp
SAMEA112483222,Papio_cynocephalus_ssp
SAMEA112483223,Papio_cynocephalus_ssp
SAMEA112483224,Papio_cynocephalus_ssp
SAMEA112483228,Papio_cynocephalus_ssp
SAMEA112483229,Papio_cynocephalus_ssp
SAMEA112483230,Papio_cynocephalus_ssp
SAMEA112483231,Papio_cynocephalus_ssp
SAMEA112483232,Papio_cynocephalus_ssp
SAMEA112483233,Papio_cynocephalus_ssp
SAMEA112483234,Papio_cynocephalus_ssp
SAMEA112483235,Papio_cynocephalus_ssp
SAMEA112483236,Papio_cynocephalus_ssp
SAMEA112483237,Papio_cynocephalus_ssp
SAMEA112483238,Papio_cynocephalus_ssp
SAMEA112483239,Papio_cynocephalus_ssp
SAMEA112483240,Papio_cynocephalus_ssp
SAMEA112483241,Papio_cynocephalus_ssp
SAMEA112483242,Papio_cynocephalus_ssp
SAMEA115083518,Papio_cynocephalus_ssp
SAMEA115083525,Papio_cynocephalus_ssp
SAMEA115083534,Papio_cynocephalus_ssp
SAMEA115083535,Papio_cynocephalus_ssp
SAMEA115083536,Papio_cynocephalus_ssp
SAMEA115083550,Papio_cynocephalus_ssp
SAMEA115083551,Papio_cynocephalus_ssp
SAMEA115083552,Papio_cynocephalus_ssp
SAMEA115083553,Papio_cynocephalus_ssp
SAMEA115083554,Papio_cynocephalus_ssp
SAMN02866414,Papio_cynocephalus_ssp
SAMN02866415,Papio_cynocephalus_ssp
SAMN04455161,Papio_cynocephalus_ssp
SAMN20814897,Papio_cynocephalus_ssp
SAMN20814898,Papio_cynocephalus_ssp
SAMN20814899,Papio_cynocephalus_ssp
SAMN20814900,Papio_cynocephalus_ssp
SAMN20814901,Papio_cynocephalus_ssp
SAMN20814902,Papio_cynocephalus_ssp
SAMN20814903,Papio_cynocephalus_ssp
SAMN20814904,Papio_cynocephalus_ssp
SAMN20814905,Papio_cynocephalus_ssp
SAMN20814906,Papio_cynocephalus_ssp
SAMN20814945,Papio_cynocephalus
SAMN20814949,Papio_cynocephalus
SAMN20815227,Papio_cynocephalus
SAMN20815322,Papio_cynocephalus
SAMN20815323,Papio_cynocephalus
SAMN20815324,Papio_cynocephalus
SAMN20815325,Papio_cynocephalus
SAMEA112482966,Papio_cynocephalus
SAMEA112482967,Papio_cynocephalus
SAMEA112482968,Papio_cynocephalus
SAMEA112482969,Papio_cynocephalus
SAMEA112482970,Papio_cynocephalus
SAMEA112482976,Papio_cynocephalus
SAMEA112482977,Papio_cynocephalus
SAMEA112482978,Papio_cynocephalus
SAMEA112482979,Papio_cynocephalus
SAMEA112482980,Papio_cynocephalus
SAMEA112482981,Papio_cynocephalus
SAMEA112482982,Papio_cynocephalus
SAMEA112482983,Papio_cynocephalus
SAMEA112482984,Papio_cynocephalus
SAMEA112482985,Papio_cynocephalus
SAMEA112482986,Papio_cynocephalus
SAMEA112482987,Papio_cynocephalus
SAMEA112482988,Papio_cynocephalus
SAMEA112482989,Papio_cynocephalus
SAMEA112482990,Papio_cynocephalus
SAMEA112483021,Papio_cynocephalus
SAMEA112483022,Papio_cynocephalus
SAMEA112483023,Papio_cynocephalus
SAMEA112483024,Papio_cynocephalus
SAMEA112483025,Papio_cynocephalus
SAMEA112483212,Papio_cynocephalus
SAMEA112483213,Papio_cynocephalus
SAMEA112483214,Papio_cynocephalus
SAMEA112483215,Papio_cynocephalus
SAMEA112483219,Papio_cynocephalus
SAMEA112483220,Papio_cynocephalus
SAMEA112483221,Papio_cynocephalus
SAMEA112483222,Papio_cynocephalus
SAMEA112483223,Papio_cynocephalus
SAMEA112483224,Papio_cynocephalus
SAMEA112483228,Papio_cynocephalus
SAMEA112483229,Papio_cynocephalus
SAMEA112483230,Papio_cynocephalus
SAMEA112483231,Papio_cynocephalus
SAMEA112483232,Papio_cynocephalus
SAMEA112483233,Papio_cynocephalus
SAMEA112483234,Papio_cynocephalus
SAMEA112483235,Papio_cynocephalus
SAMEA112483236,Papio_cynocephalus
SAMEA112483237,Papio_cynocephalus
SAMEA112483238,Papio_cynocephalus
SAMEA112483239,Papio_cynocephalus
SAMEA112483240,Papio_cynocephalus
SAMEA112483241,Papio_cynocephalus
SAMEA112483242,Papio_cynocephalus
SAMEA115083518,Papio_cynocephalus
SAMEA115083525,Papio_cynocephalus
SAMEA115083534,Papio_cynocephalus
SAMEA115083535,Papio_cynocephalus
SAMEA115083536,Papio_cynocephalus
SAMEA115083550,Papio_cynocephalus
SAMEA115083551,Papio_cynocephalus
SAMEA115083552,Papio_cynocephalus
SAMEA115083553,Papio_cynocephalus
SAMEA115083554,Papio_cynocephalus
SAMN02866414,Papio_cynocephalus
SAMN02866415,Papio_cynocephalus
SAMN04455161,Papio_cynocephalus
SAMN20814897,Papio_cynocephalus
SAMN20814898,Papio_cynocephalus
SAMN20814899,Papio_cynocephalus
SAMN20814900,Papio_cynocephalus
SAMN20814901,Papio_cynocephalus
SAMN20814902,Papio_cynocephalus
SAMN20814903,Papio_cynocephalus
SAMN20814904,Papio_cynocephalus
SAMN20814905,Papio_cynocephalus
SAMN20814906,Papio_cynocephalus
SAMEA112483163,Papio_hamadryas
SAMEA112483164,Papio_hamadryas
SAMEA112483165,Papio_hamadryas
SAMEA112483166,Papio_hamadryas
SAMEA112483167,Papio_hamadryas
SAMEA112483168,Papio_hamadryas
SAMEA112483169,Papio_hamadryas
SAMEA112483170,Papio_hamadryas
SAMEA112483171,Papio_hamadryas
SAMEA112483172,Papio_hamadryas
SAMEA112483173,Papio_hamadryas
SAMEA112483174,Papio_hamadryas
SAMEA112483175,Papio_hamadryas
SAMEA112483176,Papio_hamadryas
SAMEA112483177,Papio_hamadryas
SAMEA112483178,Papio_hamadryas
SAMEA112483179,Papio_hamadryas
SAMEA112483180,Papio_hamadryas
SAMEA112483181,Papio_hamadryas
SAMEA112483182,Papio_hamadryas
SAMEA112483183,Papio_hamadryas
SAMEA112483184,Papio_hamadryas
SAMEA112483185,Papio_hamadryas
SAMEA112483186,Papio_hamadryas
SAMN03073709,Papio_hamadryas
SAMN03073710,Papio_hamadryas
SAMN20949827,Papio_hamadryas
SAMN20949828,Papio_hamadryas
SAMN20949829,Papio_hamadryas
SAMN20949830,Papio_hamadryas
SAMN20949834,Papio_hamadryas
SAMN20949837,Papio_hamadryas
SAMN20949842,Papio_hamadryas
SAMN24909952,Papio_hamadryas
SAMEA112483216,Papio_kindae
SAMEA112483217,Papio_kindae
SAMEA112483218,Papio_kindae
SAMEA112483225,Papio_kindae
SAMEA112483226,Papio_kindae
SAMEA112483227,Papio_kindae
SAMEA112483243,Papio_kindae
SAMEA112483244,Papio_kindae
SAMEA112483245,Papio_kindae
SAMEA112483246,Papio_kindae
SAMEA112483247,Papio_kindae
SAMEA112483248,Papio_kindae
SAMEA112483249,Papio_kindae
SAMEA112483250,Papio_kindae
SAMEA112483251,Papio_kindae
SAMEA112483252,Papio_kindae
SAMEA112483253,Papio_kindae
SAMEA112483254,Papio_kindae
SAMEA112483255,Papio_kindae
SAMEA112483256,Papio_kindae
SAMEA112483257,Papio_kindae
SAMEA112483258,Papio_kindae
SAMEA112483259,Papio_kindae
SAMEA112483260,Papio_kindae
SAMN03072185,Papio_kindae
SAMN03072806,Papio_kindae
SAMN03072807,Papio_kindae
SAMEA13927195,Papio_ursinus
SAMEA112483159,Papio_ursinus
SAMEA112483160,Papio_ursinus
SAMEA112483161,Papio_ursinus
SAMEA112483162,Papio_ursinus
SAMN02866412,Papio_ursinus
SAMN02866413,Papio_ursinus
SAMEA112483159,Papio_ursinus_ssp
SAMEA112483160,Papio_ursinus_ssp
SAMEA112483161,Papio_ursinus_ssp
SAMEA112483162,Papio_ursinus_ssp
SAMN02866412,Papio_ursinus_ssp
SAMN02866413,Papio_ursinus_ssp
PD_0067,Theropithecus_gelada
SAMEA115292505,Theropithecus_gelada
SAMEA115292506,Theropithecus_gelada
SAMEA115292507,Theropithecus_gelada
SAMN09197221,Theropithecus_gelada
SAMN20949850,Theropithecus_gelada
SAMN20949856,Theropithecus_gelada
SAMN20949860,Theropithecus_gelada
SAMN20949861,Theropithecus_gelada
SAMN20949863,Theropithecus_gelada
SAMN20949864,Theropithecus_gelada
SAMN20949865,Theropithecus_gelada
SAMN20949866,Theropithecus_gelada
SAMN20949867,Theropithecus_gelada
SAMN20949868,Theropithecus_gelada
SAMN20949869,Theropithecus_gelada
SAMN20949871,Theropithecus_gelada
SAMN20949872,Theropithecus_gelada
SAMN20949874,Theropithecus_gelada
SAMN20949876,Theropithecus_gelada
SAMN20949878,Theropithecus_gelada
SAMN20949879,Theropithecus_gelada
SAMN20949880,Theropithecus_gelada
SAMN20949881,Theropithecus_gelada
SAMN20949882,Theropithecus_gelada
SAMN20949883,Theropithecus_gelada
SAMN20949884,Theropithecus_gelada
SAMN20949886,Theropithecus_gelada
SAMN20949887,Theropithecus_gelada
SAMN20949888,Theropithecus_gelada
SAMN20949889,Theropithecus_gelada
SAMN20949890,Theropithecus_gelada
SAMN20949891,Theropithecus_gelada
SAMN20949892,Theropithecus_gelada
SAMN20949893,Theropithecus_gelada
SAMN20949894,Theropithecus_gelada
SAMN20949896,Theropithecus_gelada
SAMN20949898,Theropithecus_gelada
SAMN20949899,Theropithecus_gelada
SAMN20949900,Theropithecus_gelada
SAMN20949902,Theropithecus_gelada
SAMN20949905,Theropithecus_gelada
SAMN20949908,Theropithecus_gelada
SAMN20949909,Theropithecus_gelada
SAMN20949914,Theropithecus_gelada
PD_0034,Erythrocebus_patas
PD_0062,Erythrocebus_patas
SAMN07678082,Erythrocebus_patas
SAMN21582235,Erythrocebus_patas
SAMN23530505,Erythrocebus_patas
SAMN24909949,Erythrocebus_patas
SAMN02427088,Rhinopithecus_bieti
SAMN02786331,Rhinopithecus_bieti
SAMN02786332,Rhinopithecus_bieti
SAMN02786335,Rhinopithecus_bieti
SAMN02786336,Rhinopithecus_bieti
SAMN02786339,Rhinopithecus_bieti
SAMN02786340,Rhinopithecus_bieti
SAMN02786341,Rhinopithecus_bieti
SAMN02786342,Rhinopithecus_bieti
SAMN02786343,Rhinopithecus_bieti
SAMN02786344,Rhinopithecus_bieti
SAMN02786345,Rhinopithecus_bieti
SAMN03274867,Rhinopithecus_bieti
SAMN03274868,Rhinopithecus_bieti
SAMN03274870,Rhinopithecus_bieti
SAMN03274871,Rhinopithecus_bieti
SAMN03274874,Rhinopithecus_bieti
SAMN03651895,Rhinopithecus_bieti
SAMN03651896,Rhinopithecus_bieti
SAMN03651897,Rhinopithecus_bieti
SAMN03651898,Rhinopithecus_bieti
SAMN16949013,Rhinopithecus_bieti
SAMN16949014,Rhinopithecus_bieti
SAMN16949015,Rhinopithecus_bieti
SAMN16949016,Rhinopithecus_bieti
SAMN16949017,Rhinopithecus_bieti
SAMN16949018,Rhinopithecus_bieti
SAMN16949019,Rhinopithecus_bieti
SAMN20089761,Rhinopithecus_bieti
SAMN02427086,Rhinopithecus_roxellana
SAMN03076573,Rhinopithecus_roxellana
SAMN03274878,Rhinopithecus_roxellana
SAMN03274880,Rhinopithecus_roxellana
SAMN03274882,Rhinopithecus_roxellana
SAMN03274884,Rhinopithecus_roxellana
SAMN03274885,Rhinopithecus_roxellana
SAMN03274886,Rhinopithecus_roxellana
SAMN03274889,Rhinopithecus_roxellana
SAMN03274895,Rhinopithecus_roxellana
SAMN03274896,Rhinopithecus_roxellana
SAMN03274897,Rhinopithecus_roxellana
SAMN03274898,Rhinopithecus_roxellana
SAMN03274899,Rhinopithecus_roxellana
SAMN03274900,Rhinopithecus_roxellana
SAMN03274901,Rhinopithecus_roxellana
SAMN03274902,Rhinopithecus_roxellana
SAMN03274903,Rhinopithecus_roxellana
SAMN03651899,Rhinopithecus_roxellana
SAMN03651901,Rhinopithecus_roxellana
SAMN03651902,Rhinopithecus_roxellana
SAMN03651903,Rhinopithecus_roxellana
SAMN03651904,Rhinopithecus_roxellana
SAMN03651906,Rhinopithecus_roxellana
SAMN03651907,Rhinopithecus_roxellana
SAMN03651908,Rhinopithecus_roxellana
SAMN03651909,Rhinopithecus_roxellana
SAMN03651910,Rhinopithecus_roxellana
SAMN03651911,Rhinopithecus_roxellana
SAMN03651912,Rhinopithecus_roxellana
SAMN03651913,Rhinopithecus_roxellana
SAMN03651914,Rhinopithecus_roxellana
SAMN03651915,Rhinopithecus_roxellana
SAMN03651918,Rhinopithecus_roxellana
SAMN03651919,Rhinopithecus_roxellana
SAMN03651920,Rhinopithecus_roxellana
SAMN03651921,Rhinopithecus_roxellana
SAMN03651922,Rhinopithecus_roxellana
SAMN03651923,Rhinopithecus_roxellana
SAMN08848260,Rhinopithecus_roxellana
SAMN08848261,Rhinopithecus_roxellana
SAMN08848262,Rhinopithecus_roxellana
SAMN08848263,Rhinopithecus_roxellana
SAMN11039125,Rhinopithecus_roxellana
PD_0589,Semnopithecus_hypoleucos
PD_0590,Semnopithecus_hypoleucos
PD_0591,Semnopithecus_hypoleucos
PD_0592,Semnopithecus_hypoleucos
PD_0054,Trachypithecus_francoisi
SAMN09935337,Trachypithecus_francoisi
SAMN09935338,Trachypithecus_francoisi
SAMN09935349,Trachypithecus_francoisi
SAMN09935370,Trachypithecus_francoisi
SAMN09935372,Trachypithecus_francoisi
SAMN09935374,Trachypithecus_francoisi
SAMN09935375,Trachypithecus_francoisi
SAMN09935394,Trachypithecus_francoisi
SAMN09935365,Trachypithecus_poliocephalus
SAMN09935376,Trachypithecus_poliocephalus
SAMN09935381,Trachypithecus_poliocephalus
SAMN09935382,Trachypithecus_poliocephalus
SAMN09935387,Trachypithecus_poliocephalus
SAMN09935388,Trachypithecus_poliocephalus
SAMN09935392,Trachypithecus_poliocephalus
SAMN09935393,Trachypithecus_poliocephalus
SAMN33960461,Trachypithecus_poliocephalus
SAMN33960462,Trachypithecus_poliocephalus
SAMN33960463,Trachypithecus_poliocephalus
SAMN33960464,Trachypithecus_poliocephalus
SAMN02744548,Callithrix_jacchus
SAMN02744549,Callithrix_jacchus
SAMN02744550,Callithrix_jacchus
SAMN02744551,Callithrix_jacchus
SAMN02744552,Callithrix_jacchus
SAMN02744553,Callithrix_jacchus
SAMN02744554,Callithrix_jacchus
SAMN02744555,Callithrix_jacchus
SAMN02744556,Callithrix_jacchus
SAMN03275524,Callithrix_jacchus
SAMN03275525,Callithrix_jacchus
SAMN03275526,Callithrix_jacchus
PD_0122,Saguinus_oedipus
PD_0121,Saguinus_midas
PD_0349,Saguinus_midas
PD_0350,Saguinus_midas
SAMN23530521,Saguinus_midas
PD_0118,Leontocebus_fuscicollis
PD_0123,Leontocebus_fuscicollis
PD_0347,Leontocebus_fuscicollis
PD_0352,Leontocebus_fuscicollis
PD_0798,Aotus_azarai
PD_0799,Aotus_azarai
PD_0800,Aotus_azarai
PD_0801,Aotus_azarai
PD_0806,Aotus_azarai
PD_0807,Aotus_azarai
PD_0808,Aotus_azarai
PD_0809,Aotus_azarai
PD_0810,Aotus_azarai
PD_0811,Aotus_azarai
PD_0812,Aotus_azarai
PD_0813,Aotus_azarai
PD_0814,Aotus_azarai
PD_0815,Aotus_azarai
SAMN03121886,Aotus_nancymaae
SAMN08978223,Aotus_nancymaae
SAMN08978224,Aotus_nancymaae
SAMN08978225,Aotus_nancymaae
SAMN08978226,Aotus_nancymaae
SAMN08978227,Aotus_nancymaae
SAMN08978228,Aotus_nancymaae
SAMN08978229,Aotus_nancymaae
SAMN08978230,Aotus_nancymaae
SAMN08978231,Aotus_nancymaae
SAMN08978232,Aotus_nancymaae
SAMN08978233,Aotus_nancymaae
SAMN08978234,Aotus_nancymaae
SAMN08978235,Aotus_nancymaae
SAMN08978236,Aotus_nancymaae
SAMN08978237,Aotus_nancymaae
SAMN08978238,Aotus_nancymaae
SAMN08978239,Aotus_nancymaae
SAMN08978240,Aotus_nancymaae
SAMN08978241,Aotus_nancymaae
SAMN08978242,Aotus_nancymaae
SAMN08978243,Aotus_nancymaae
SAMN08978244,Aotus_nancymaae
SAMN08978245,Aotus_nancymaae
SAMN08978246,Aotus_nancymaae
SAMN08978247,Aotus_nancymaae
SAMN08978248,Aotus_nancymaae
SAMN08978249,Aotus_nancymaae
SAMN08978250,Aotus_nancymaae
SAMN08978251,Aotus_nancymaae
SAMN08978252,Aotus_nancymaae
PD_0078,Cebus_albifrons
PD_0141,Cebus_albifrons
PD_0402,Cebus_albifrons
SAMN07678068,Cebus_albifrons
SAMN23530500,Cebus_albifrons
PD_0013,Cebus_unicolor
PD_0077,Cebus_unicolor
PD_0310,Cebus_unicolor
PD_0311,Cebus_unicolor
PD_0011,Sapajus_apella_macrocephalus
PD_0378,Sapajus_apella_macrocephalus
PD_0379,Sapajus_apella_macrocephalus
PD_0381,Sapajus_apella_macrocephalus
PD_0382,Sapajus_apella_macrocephalus
PD_0383,Sapajus_apella_macrocephalus
PD_0384,Sapajus_apella_macrocephalus
PD_0385,Sapajus_apella_macrocephalus
PD_0386,Sapajus_apella_macrocephalus
PD_0387,Sapajus_apella_macrocephalus
PD_0388,Sapajus_apella_macrocephalus
PD_0389,Sapajus_apella_macrocephalus
PD_0353,Saimiri_cassiquiarensis
PD_0354,Saimiri_cassiquiarensis
PD_0355,Saimiri_cassiquiarensis
PD_0356,Saimiri_cassiquiarensis
PD_0357,Saimiri_cassiquiarensis
PD_0358,Saimiri_cassiquiarensis
PD_0359,Saimiri_cassiquiarensis
PD_0360,Saimiri_cassiquiarensis
PD_0373,Saimiri_cassiquiarensis
PD_0012,Saimiri_ustus
PD_0363,Saimiri_ustus
PD_0366,Saimiri_ustus
PD_0367,Saimiri_ustus
PD_0368,Saimiri_ustus
PD_0369,Saimiri_ustus
PD_0370,Saimiri_ustus
PD_0371,Saimiri_ustus
PD_0374,Saimiri_ustus
PD_0375,Saimiri_ustus
PD_0014,Plecturocebus_cupreus
PD_0338,Plecturocebus_cupreus
PD_0339,Plecturocebus_cupreus
PD_0340,Plecturocebus_cupreus
PD_0341,Plecturocebus_cupreus
PD_0288,Cheracebus_lucifer
PD_0312,Cheracebus_lucifer
PD_0313,Cheracebus_lucifer
PD_0314,Cheracebus_lucifer
PD_0001,Cheracebus_lugens
PD_0315,Cheracebus_lugens
PD_0316,Cheracebus_lugens
PD_0317,Cheracebus_lugens
PD_0318,Cheracebus_lugens
PD_0319,Cheracebus_lugens
PD_0320,Cheracebus_lugens
PD_0321,Cheracebus_lugens
